{ 
  "title": "Adding Constructor Calls in Sequence Diagrams",
  "content": [ 
    { "text": "With JetUML you can represent constructor calls in sequence diagrams. To add a constructor call, select the Call Edge Creation tool and drag the rubber band from a source life-line or activation box to the implicit parameter node." },
    { "image": "tip28a.png"},
    { "text": "The call will be shown with the label «create» and the implicit parameter will be positioned vertically aligned with the call. An activation box will be attached to the implicit parameter: use it to model calls that originate from the constructor." },
    { "image": "tip28b.png"}
  ]
}
